{
  "сценарии": [
    "Базовый",
    "С самообслуживанием",
    "С пчелиным алгоритмом"
  ],
  "средние_времена_ожидания": [
    0.09435267420797822,
    0.3068439806595642,
    0.13611063409949706
  ],
  "максимальные_времена_ожидания": [
    2.2506893834253967,
    5.136931887821893,
    3.563173587212697
  ],
  "обслуженные_клиенты": [
    228.8,
    456.19,
    458.26
  ],
  "клиенты_отказались": [
    124.57,
    25.07,
    24.71
  ],
  "коэффициенты_загрузки": [
    36.56571625135425,
    43.644158227149745,
    33.59815711789969
  ],
  "улучшения": [
    0,
    -225.20962785135166,
    -44.257314635802764
  ],
  "улучшения_удовлетворенности": [
    0,
    79.87476920606889,
    80.16376334590993
  ]
}